class,LOC,HALSTEAD,RFC,CBO,MPC,IFC,DAC,DAC2,LCOM1,LCOM2,LCOM3,LCOM4,CONNECTIVITY,LCOM5,COH,TCC,LCC,ICH,WCM,NOA,NOPA,NOP,McCABE
org.raml.parser.rule.UriParametersRule,121,546.7955102907566,34,9,26,26,2,2,22,16,6,9,0.09523809523809523,5,0.375,0,0,0.0,8,2,0,2,17
org.raml.parser.rule.SchemaRule,228,1220.1812815833318,58,32,48,48,3,3,37,29,8,12,0.08333333333333333,4,0.26666666666666666,0,0,0.0,10,3,0,3,25
org.raml.parser.loader.DefaultResourceLoader,36,91.58904115324115,3,1,1,1,1,1,0,0,1,1,0.0,0,1.0,0,0,0.0,2,1,0,1,3
org.raml.parser.rules.UriParametersRuleTestCase,160,737.2634550333054,96,6,83,83,0,0,78,78,0,0,-0.18181818181818182,0,0.0,0,0,0.0,13,0,0,0,26
org.raml.parser.rules.SchemaRuleTestCase,250,838.3562250785674,156,12,135,135,0,0,210,210,0,0,-0.10526315789473684,0,0.0,0,0,0.0,21,0,0,0,21
org.raml.parser.loader.DefaultResourceLoaderTestCase,42,81.69858546749478,8,4,6,6,1,1,0,0,1,1,0.0,0,1.0,0,0,0.0,2,1,0,1,2
