Brier,MAE,ROC-AUC,accuracy,f1_score,precision,recall
0.18555175450480965,0.18555175450480965,0.8144945355191255,0.8144482454951902,0.8127676624238436,0.8169252628637402,0.8111202185792349
